Exercise Name,Movement Pattern
Barbell Back Squat,Squat
Barbell Squat,Squat
Bodyweight Squat,Squat
Deep-Squat Hip/Ankle Mobility,Squat
Hack Squat,Squat
Jump Squat,Squat
Lateral Squat,Squat
Leg Press,Squat
Leg Press (shallow),Squat
Leg Press (wide stance),Squat
Pause Squat,Squat
Pulse Squat,Squat
Squat Thrust,Squat
Sumo Squat,Squat
Up-Down From Crouch,Squat
Bulgarian Split Squat,Lunge
Bulgarian Split Squat (BW),Lunge
Curtsy Lunge,Lunge
Dumbbell Lunges,Lunge
Dumbbell Walking Lunges,Lunge
Front-Leg Block Landing,Lunge
Front/Back-Foot Transfer,Lunge
Lateral Lunge,Lunge
Lunge to High Knee,Lunge
Reverse Lunge,Lunge
Single-Leg Landing Drill,Lunge
Step-Up (chair),Lunge
Abductor Machine,Hip Hinge (deadlift-style)
Banded Hip Thrust,Hip Hinge (deadlift-style)
Barbell Deadlift,Hip Hinge (deadlift-style)
Cable Kickback,Hip Hinge (deadlift-style)
Clamshells,Hip Hinge (deadlift-style)
Donkey Kicks,Hip Hinge (deadlift-style)
Fire Hydrants,Hip Hinge (deadlift-style)
Glute Bridge,Hip Hinge (deadlift-style)
Hip Circle,Hip Hinge (deadlift-style)
Hip Circles,Hip Hinge (deadlift-style)
Hip Drive Drill,Hip Hinge (deadlift-style)
Hip Drive Drill (Bowling),Hip Hinge (deadlift-style)
Hip Thrust,Hip Hinge (deadlift-style)
Hip Thrust (light),Hip Hinge (deadlift-style)
Leg Curl,Hip Hinge (deadlift-style)
Lying Hip Abduction,Hip Hinge (deadlift-style)
Nordic Hamstring Curl,Hip Hinge (deadlift-style)
Romanian Deadlift,Hip Hinge (deadlift-style)
Rotational Hip Drive (Slow),Hip Hinge (deadlift-style)
Seated Leg Curl,Hip Hinge (deadlift-style)
Single-Leg Glute Bridge,Hip Hinge (deadlift-style)
Sumo Deadlift,Hip Hinge (deadlift-style)
Archer Push-Up,Horizontal Push (bench/push-up)
Barbell Bench Press,Horizontal Push (bench/push-up)
Bench Press,Horizontal Push (bench/push-up)
Cable Chest Flye,Horizontal Push (bench/push-up)
Close-Grip Bench Press,Horizontal Push (bench/push-up)
Decline Bench Press,Horizontal Push (bench/push-up)
Decline Push-Up,Horizontal Push (bench/push-up)
Diamond Push-Up,Horizontal Push (bench/push-up)
Explosive Push-Up,Horizontal Push (bench/push-up)
Finishing Under Pressure Drill,Horizontal Push (bench/push-up)
First Touch Under Pressure Drill,Horizontal Push (bench/push-up)
Flat Dumbbell Press,Horizontal Push (bench/push-up)
Incline Dumbbell Press,Horizontal Push (bench/push-up)
Incline Push-Up,Horizontal Push (bench/push-up)
One-Arm Push-Up Progression,Horizontal Push (bench/push-up)
Pike Push-Up,Horizontal Push (bench/push-up)
Plank to Push-Up,Horizontal Push (bench/push-up)
Pseudo Planche Push-Up,Horizontal Push (bench/push-up)
Push-Up,Horizontal Push (bench/push-up)
Wide Push-Up,Horizontal Push (bench/push-up)
Arnold Press,Vertical Push (overhead press)
Dumbbell Shoulder Press,Vertical Push (overhead press)
Med Ball Overhead Slam,Vertical Push (overhead press)
Overhead Barbell Press,Vertical Push (overhead press)
Overhead Press,Vertical Push (overhead press)
Seated Dumbbell Press,Vertical Push (overhead press)
Seated Shoulder Press,Vertical Push (overhead press)
Band Pull-Apart,Horizontal Pull (row)
Band Row,Horizontal Pull (row)
Barbell Bent-Over Row,Horizontal Pull (row)
Barbell Row,Horizontal Pull (row)
Chest-Supported Row,Horizontal Pull (row)
Dumbbell Row,Horizontal Pull (row)
Face Pulls,Horizontal Pull (row)
Inverted Row (table),Horizontal Pull (row)
Med Ball Rotational Throw,Horizontal Pull (row)
Resistance Band Row,Horizontal Pull (row)
Rowing Machine,Horizontal Pull (row)
Seated Band Row,Horizontal Pull (row)
Seated Cable Row,Horizontal Pull (row)
Single-Arm DB Row,Horizontal Pull (row)
Throwing Speed Drill,Horizontal Pull (row)
Australian Pull-Up,Vertical Pull (pull-up/lat pulldown)
Cable Lat Pulldown,Vertical Pull (pull-up/lat pulldown)
Cable Straight-Arm Pulldown,Vertical Pull (pull-up/lat pulldown)
Chin-Up,Vertical Pull (pull-up/lat pulldown)
Lat Pulldown,Vertical Pull (pull-up/lat pulldown)
Negative Pull-Up,Vertical Pull (pull-up/lat pulldown)
Pull-Up,Vertical Pull (pull-up/lat pulldown)
Pull-Ups,Vertical Pull (pull-up/lat pulldown)
Weighted Pull-Ups,Vertical Pull (pull-up/lat pulldown)
Band Bicep Curl,Elbow Flexion (curl)
Barbell Bicep Curl,Elbow Flexion (curl)
Barbell Bicep Curls,Elbow Flexion (curl)
Cable Bicep Curl,Elbow Flexion (curl)
Hammer Curls,Elbow Flexion (curl)
Incline Dumbbell Curl,Elbow Flexion (curl)
Towel Bicep Curl,Elbow Flexion (curl)
Wrist Curl,Elbow Flexion (curl)
Chair Dip,Elbow Extension (pushdown/extension)
Overhead Tricep Extension,Elbow Extension (pushdown/extension)
Skull Crushers,Elbow Extension (pushdown/extension)
Tricep Dip (chair),Elbow Extension (pushdown/extension)
Tricep Pushdown,Elbow Extension (pushdown/extension)
Triceps Pushdown,Elbow Extension (pushdown/extension)
90/90 Shoulder External Rotation,Lateral/Front Raise
Band Lateral Raise,Lateral/Front Raise
Cable Lateral Raise,Lateral/Front Raise
Lateral Raises,Lateral/Front Raise
Shoulder External Rotation,Lateral/Front Raise
Calf Raises,Calf Raise
Calf Raises (bodyweight),Calf Raise
Seated Calf Raise,Calf Raise
Standing Calf Raises,Calf Raise
Copenhagen Side Plank,Core Isometric (plank/hold)
Deep-Crouch Hold,Core Isometric (plank/hold)
Lactate Threshold Pace Judgment Run,Core Isometric (plank/hold)
Pigeon Pose,Core Isometric (plank/hold)
Plank,Core Isometric (plank/hold)
Side Plank,Core Isometric (plank/hold)
Superman Hold,Core Isometric (plank/hold)
Threshold Intervals,Core Isometric (plank/hold)
Wall Sit,Core Isometric (plank/hold)
Wrist Roller,Core Isometric (plank/hold)
Ab Rollout,Core Flexion (crunch)
Bicycle Crunch,Core Flexion (crunch)
Bicycle Crunches,Core Flexion (crunch)
Cable Crunch,Core Flexion (crunch)
Hanging Leg Raise,Core Flexion (crunch)
Leg Raise,Core Flexion (crunch)
Pallof Press,Core Rotation (twist)
Russian Twist,Core Rotation (twist)
Russian Twists,Core Rotation (twist)
Arm Circles,Full Body (generic)
Child's Pose,Full Body (generic)
Deep Breathing Recovery,Full Body (generic)
Frog Pumps,Full Body (generic)
Leg Extension,Full Body (generic)
Shoulder Rolls,Full Body (generic)
Standing Forward Fold,Full Body (generic)
